{
"currentMap": "Mapa/MAPACOMPLETO.tmx",
"x": 100.11596,
"y": 27.010347,
"lastPlayed": 1767984529828
}