{
"currentMap": "Mapa/MAPACOMPLETO.tmx",
"x": 22.749102,
"y": 52.603985,
"lastPlayed": 1768770890187
}