{
"currentMap": "Mapa/MAPACOMPLETO.tmx",
"x": 147.63818,
"y": 97.83201,
"lastPlayed": 1768017839495
}